{
    "parent": "item/handheld",
    "textures": {
        "layer0": "item/diamond_hoe"
    },
    
    "overrides": [
        {"predicate": {"custom_model_data":1}, "model": "elitemobs:items/bronze_scythe"},
        {"predicate": {"custom_model_data":2}, "model": "elitemobs:items/palladium_scythe"},
        {"predicate": {"custom_model_data":3}, "model": "elitemobs:items/corrupted_scythe"},
        {"predicate": {"custom_model_data":4}, "model": "elitemobs:items/living_scythe"},
        {"predicate": {"custom_model_data":5}, "model": "elitemobs:items/ultimatium_scythe"}

    ]
}