{"parent":"item/handheld","textures":{"layer0":"item/diamond_sword"},"overrides":[{"predicate":{"custom_model_data":1},"model":"elitemobs:items/bronze_sword"},{"predicate":{"custom_model_data":2},"model":"elitemobs:items/palladium_sword"},{"predicate":{"custom_model_data":3},"model":"elitemobs:items/corrupted_sword"},{"predicate":{"custom_model_data":4},"model":"elitemobs:items/living_sword"},{"predicate":{"custom_model_data":5},"model":"elitemobs:items/ultimatium_sword"},{"predicate":{"custom_model_data":6},"model":"elitemobs:items/bronze_trident"},{"predicate":{"custom_model_data":7},"model":"elitemobs:items/palladium_trident"},{"predicate":{"custom_model_data":8},"model":"elitemobs:items/corrupted_trident"},{"predicate":{"custom_model_data":9},"model":"elitemobs:items/living_trident"},{"predicate":{"custom_model_data":10},"model":"elitemobs:items/ultimatium_trident"},{"predicate":{"custom_model_data":1981820},"model":"item/weapons/diamond_dagger"},{"predicate":{"custom_model_data":1981821},"model":"item/weapons/diamond_mace"},{"predicate":{"custom_model_data":1981822},"model":"item/weapons/diamond_rapier"},{"predicate":{"custom_model_data":1981825},"model":"item/weapons/diamond_warhammer"},{"predicate":{"custom_model_data":1981826},"model":"item/weapons/diamond_spear"},{"predicate":{"custom_model_data":1981827},"model":"item/weapons/diamond_greataxe"}]}