{"parent":"minecraft:item/generated","textures":{"layer0":"minecraft:item/gold_nugget"},"overrides":[{"predicate":{"custom_model_data":1},"model":"elitemobs:coins/coin1"},{"predicate":{"custom_model_data":7780900},"model":"item/trinkets/rough_gold_ring"},{"predicate":{"custom_model_data":7780901},"model":"item/trinkets/rough_gold_necklace_amulet"},{"predicate":{"custom_model_data":7780902},"model":"item/trinkets/rough_gold_circlet"},{"predicate":{"custom_model_data":7780903},"model":"item/trinkets/rough_gold_bracer"},{"predicate":{"custom_model_data":7780910},"model":"item/trinkets/gold_necklace_amulet"},{"predicate":{"custom_model_data":7781098},"model":"item/trinkets/gold_necklace_2"},{"predicate":{"custom_model_data":7781099},"model":"item/trinkets/gold_ring_2"},{"predicate":{"custom_model_data":7781100},"model":"item/trinkets/gold_ring"},{"predicate":{"custom_model_data":7781101},"model":"item/trinkets/ruby_gold_ring"},{"predicate":{"custom_model_data":7781102},"model":"item/trinkets/emerald_gold_ring"},{"predicate":{"custom_model_data":7781103},"model":"item/trinkets/opal_gold_ring"},{"predicate":{"custom_model_data":7781104},"model":"item/trinkets/sapphire_gold_ring"},{"predicate":{"custom_model_data":7781105},"model":"item/trinkets/topaz_gold_ring"},{"predicate":{"custom_model_data":7781106},"model":"item/trinkets/peridot_gold_ring"},{"predicate":{"custom_model_data":7781107},"model":"item/trinkets/diamond_gold_ring"},{"predicate":{"custom_model_data":7781108},"model":"item/trinkets/amethyst_gold_ring"},{"predicate":{"custom_model_data":7781200},"model":"item/trinkets/gold_necklace"},{"predicate":{"custom_model_data":7781201},"model":"item/trinkets/ruby_gold_necklace"},{"predicate":{"custom_model_data":7781202},"model":"item/trinkets/emerald_gold_necklace"},{"predicate":{"custom_model_data":7781203},"model":"item/trinkets/opal_gold_necklace"},{"predicate":{"custom_model_data":7781204},"model":"item/trinkets/sapphire_gold_necklace"},{"predicate":{"custom_model_data":7781205},"model":"item/trinkets/topaz_gold_necklace"},{"predicate":{"custom_model_data":7781206},"model":"item/trinkets/peridot_gold_necklace"},{"predicate":{"custom_model_data":7781207},"model":"item/trinkets/diamond_gold_necklace"},{"predicate":{"custom_model_data":7781208},"model":"item/trinkets/amethyst_gold_necklace"},{"predicate":{"custom_model_data":7781300},"model":"item/trinkets/gold_bracer"},{"predicate":{"custom_model_data":7781301},"model":"item/trinkets/ruby_gold_bracer"},{"predicate":{"custom_model_data":7781302},"model":"item/trinkets/emerald_gold_bracer"},{"predicate":{"custom_model_data":7781303},"model":"item/trinkets/opal_gold_bracer"},{"predicate":{"custom_model_data":7781304},"model":"item/trinkets/sapphire_gold_bracer"},{"predicate":{"custom_model_data":7781305},"model":"item/trinkets/topaz_gold_bracer"},{"predicate":{"custom_model_data":7781306},"model":"item/trinkets/peridot_gold_bracer"},{"predicate":{"custom_model_data":7781307},"model":"item/trinkets/diamond_gold_bracer"},{"predicate":{"custom_model_data":7781308},"model":"item/trinkets/amethyst_gold_bracer"},{"predicate":{"custom_model_data":7781320},"model":"item/trinkets/gold_armring"},{"predicate":{"custom_model_data":7781330},"model":"item/trinkets/silver_armring"},{"predicate":{"custom_model_data":7781400},"model":"item/trinkets/gold_circlet"},{"predicate":{"custom_model_data":7781401},"model":"item/trinkets/ruby_gold_circlet"},{"predicate":{"custom_model_data":7781402},"model":"item/trinkets/emerald_gold_circlet"},{"predicate":{"custom_model_data":7781403},"model":"item/trinkets/opal_gold_circlet"},{"predicate":{"custom_model_data":7781404},"model":"item/trinkets/sapphire_gold_circlet"},{"predicate":{"custom_model_data":7781405},"model":"item/trinkets/topaz_gold_circlet"},{"predicate":{"custom_model_data":7781406},"model":"item/trinkets/peridot_gold_circlet"},{"predicate":{"custom_model_data":7781407},"model":"item/trinkets/diamond_gold_circlet"},{"predicate":{"custom_model_data":7781408},"model":"item/trinkets/amethyst_gold_circlet"},{"predicate":{"custom_model_data":7782110},"model":"item/materials/gold_strip"},{"predicate":{"custom_model_data":500},"model":"battlepass:battlepass/air"},{"predicate":{"custom_model_data":501},"model":"battlepass:battlepass/locked"},{"predicate":{"custom_model_data":502},"model":"battlepass:battlepass/unlocked"},{"predicate":{"custom_model_data":503},"model":"battlepass:battlepass/reward_unclaimed"},{"predicate":{"custom_model_data":504},"model":"battlepass:battlepass/reward_claimed"},{"predicate":{"custom_model_data":505},"model":"battlepass:battlepass/questbook"},{"predicate":{"custom_model_data":506},"model":"battlepass:battlepass/questbook_gray"},{"predicate":{"custom_model_data":507},"model":"battlepass:battlepass/reward_locked_gray"},{"predicate":{"custom_model_data":508},"model":"battlepass:battlepass/reward_locked_green"},{"predicate":{"custom_model_data":514},"model":"advancedpets:advancedpets/air"},{"predicate":{"custom_model_data":515},"model":"advancedpets:advancedpets/info"},{"predicate":{"custom_model_data":516},"model":"advancedpets:advancedpets/left"},{"predicate":{"custom_model_data":517},"model":"advancedpets:advancedpets/pet_remove"},{"predicate":{"custom_model_data":518},"model":"advancedpets:advancedpets/pet_rename"},{"predicate":{"custom_model_data":519},"model":"advancedpets:advancedpets/pet_ride"},{"predicate":{"custom_model_data":520},"model":"advancedpets:advancedpets/pet_shop"},{"predicate":{"custom_model_data":521},"model":"advancedpets:advancedpets/pet_skin"},{"predicate":{"custom_model_data":522},"model":"advancedpets:advancedpets/quit"},{"predicate":{"custom_model_data":523},"model":"advancedpets:advancedpets/right"},{"predicate":{"custom_model_data":524},"model":"advancedpets:advancedpets/upgrade"},{"predicate":{"custom_model_data":525},"model":"advancedpets:advancedpets/green_ball"},{"predicate":{"custom_model_data":526},"model":"advancedpets:advancedpets/red_ball"},{"predicate":{"custom_model_data":527},"model":"item/gold_nugget"}]}