{"parent":"item/generated","textures":{"layer0":"minecraft:item/leather_horse_armor"},"data":54367,"overrides":[{"predicate":{"custom_model_data":50001},"model":"freeminecraftmodels:deep_mines_specter/freeminecraftmodels_autogenerated_root"},{"predicate":{"custom_model_data":50001},"model":"freeminecraftmodels:deep_mines_specter/torso"},{"predicate":{"custom_model_data":50002},"model":"freeminecraftmodels:deep_mines_specter/left_leg"},{"predicate":{"custom_model_data":50003},"model":"freeminecraftmodels:deep_mines_specter/lower_left_leg"},{"predicate":{"custom_model_data":50003},"model":"freeminecraftmodels:deep_mines_specter/right_leg"},{"predicate":{"custom_model_data":50004},"model":"freeminecraftmodels:deep_mines_specter/left_arm"},{"predicate":{"custom_model_data":50005},"model":"freeminecraftmodels:deep_mines_specter/right_arm"},{"predicate":{"custom_model_data":50006},"model":"freeminecraftmodels:deep_mines_specter/bone26"},{"predicate":{"custom_model_data":50006},"model":"freeminecraftmodels:deep_mines_specter/head"},{"predicate":{"custom_model_data":50007},"model":"freeminecraftmodels:deep_mines_specter/bone12"},{"predicate":{"custom_model_data":50008},"model":"freeminecraftmodels:deep_mines_specter/bone19"},{"predicate":{"custom_model_data":50009},"model":"freeminecraftmodels:deep_mines_specter/bone25"},{"predicate":{"custom_model_data":50010},"model":"freeminecraftmodels:deep_mines_specter/rags_front"},{"predicate":{"custom_model_data":50011},"model":"freeminecraftmodels:deep_mines_specter/bone4"},{"predicate":{"custom_model_data":50012},"model":"freeminecraftmodels:deep_mines_specter/rags_back"},{"predicate":{"custom_model_data":50013},"model":"freeminecraftmodels:deep_mines_specter/bone14"},{"predicate":{"custom_model_data":50014},"model":"freeminecraftmodels:deep_mines_specter/bone15"},{"predicate":{"custom_model_data":50015},"model":"freeminecraftmodels:deep_mines_specter/rags_front2"},{"predicate":{"custom_model_data":50016},"model":"freeminecraftmodels:deep_mines_specter/bone2"},{"predicate":{"custom_model_data":50017},"model":"freeminecraftmodels:deep_mines_specter/rags_right"},{"predicate":{"custom_model_data":50018},"model":"freeminecraftmodels:deep_mines_specter/bone9"},{"predicate":{"custom_model_data":50019},"model":"freeminecraftmodels:deep_mines_specter/rags_right2"},{"predicate":{"custom_model_data":50020},"model":"freeminecraftmodels:deep_mines_specter/bone8"},{"predicate":{"custom_model_data":50021},"model":"freeminecraftmodels:deep_mines_specter/rags_front3"},{"predicate":{"custom_model_data":50022},"model":"freeminecraftmodels:deep_mines_specter/bone11"},{"predicate":{"custom_model_data":50023},"model":"freeminecraftmodels:deep_mines_specter/rags_back2"},{"predicate":{"custom_model_data":50024},"model":"freeminecraftmodels:deep_mines_specter/bone23"},{"predicate":{"custom_model_data":50025},"model":"freeminecraftmodels:deep_mines_specter/bone24"},{"predicate":{"custom_model_data":50026},"model":"freeminecraftmodels:deep_mines_specter/rags_left"},{"predicate":{"custom_model_data":50027},"model":"freeminecraftmodels:deep_mines_specter/bone7"},{"predicate":{"custom_model_data":50028},"model":"freeminecraftmodels:deep_mines_specter/rags_left2"},{"predicate":{"custom_model_data":50029},"model":"freeminecraftmodels:deep_mines_specter/bone28"},{"predicate":{"custom_model_data":50030},"model":"freeminecraftmodels:deep_mines_specter/rags_left3"},{"predicate":{"custom_model_data":50031},"model":"freeminecraftmodels:deep_mines_specter/bone16"},{"predicate":{"custom_model_data":50032},"model":"freeminecraftmodels:deep_mines_specter/rags_front4"},{"predicate":{"custom_model_data":50033},"model":"freeminecraftmodels:deep_mines_specter/bone21"},{"predicate":{"custom_model_data":50034},"model":"freeminecraftmodels:deep_mines_specter/broken_pickaxe"},{"predicate":{"custom_model_data":50035},"model":"freeminecraftmodels:deep_mines_specter_2/freeminecraftmodels_autogenerated_root"},{"predicate":{"custom_model_data":50035},"model":"freeminecraftmodels:deep_mines_specter_2/bone7"},{"predicate":{"custom_model_data":50036},"model":"freeminecraftmodels:deep_mines_specter_2/bone8"},{"predicate":{"custom_model_data":50037},"model":"freeminecraftmodels:deep_mines_specter_2/bone12"},{"predicate":{"custom_model_data":50038},"model":"freeminecraftmodels:deep_mines_specter_2/bone11"},{"predicate":{"custom_model_data":50039},"model":"freeminecraftmodels:deep_mines_specter_2/bone10"},{"predicate":{"custom_model_data":50040},"model":"freeminecraftmodels:deep_mines_specter_2/bone9"},{"predicate":{"custom_model_data":50041},"model":"freeminecraftmodels:deep_mines_specter_2/bone14"},{"predicate":{"custom_model_data":50042},"model":"freeminecraftmodels:deep_mines_specter_2/bone13"},{"predicate":{"custom_model_data":50043},"model":"freeminecraftmodels:deep_mines_specter_2/head"},{"predicate":{"custom_model_data":50044},"model":"freeminecraftmodels:deep_mines_specter_2/left_horn"},{"predicate":{"custom_model_data":50045},"model":"freeminecraftmodels:deep_mines_specter_2/right_horn"},{"predicate":{"custom_model_data":50046},"model":"freeminecraftmodels:deep_mines_specter_2/bone6"},{"predicate":{"custom_model_data":50047},"model":"freeminecraftmodels:deep_mines_specter_2/bone5"},{"predicate":{"custom_model_data":50048},"model":"freeminecraftmodels:deep_mines_specter_2/bow"},{"predicate":{"custom_model_data":50049},"model":"freeminecraftmodels:deep_mines_specter_2/bone3"},{"predicate":{"custom_model_data":50050},"model":"freeminecraftmodels:deep_mines_specter_2/bone2"},{"predicate":{"custom_model_data":50051},"model":"freeminecraftmodels:deep_mines_specter_2/cape"},{"predicate":{"custom_model_data":50052},"model":"freeminecraftmodels:deep_mines_specter_2/bone"},{"predicate":{"custom_model_data":51053},"model":"freeminecraftmodels:em_goblin_armor/freeminecraftmodels_autogenerated_root"},{"predicate":{"custom_model_data":51053},"model":"freeminecraftmodels:em_goblin_armor/goblin"},{"predicate":{"custom_model_data":51053},"model":"freeminecraftmodels:em_goblin_armor/goblin_entity"},{"predicate":{"custom_model_data":51054},"model":"freeminecraftmodels:em_goblin_armor/leftarm"},{"predicate":{"custom_model_data":51055},"model":"freeminecraftmodels:em_goblin_armor/rightarm"},{"predicate":{"custom_model_data":51056},"model":"freeminecraftmodels:em_goblin_armor/walkingstick"},{"predicate":{"custom_model_data":51057},"model":"freeminecraftmodels:em_goblin_armor/leftleg"},{"predicate":{"custom_model_data":51058},"model":"freeminecraftmodels:em_goblin_armor/rightleg"},{"predicate":{"custom_model_data":51059},"model":"freeminecraftmodels:em_goblin_armor/h_head"},{"predicate":{"custom_model_data":51060},"model":"freeminecraftmodels:em_goblin_armor/tag_name"},{"predicate":{"custom_model_data":51060},"model":"freeminecraftmodels:em_goblin_armor/backpack"},{"predicate":{"custom_model_data":51061},"model":"freeminecraftmodels:em_goblin_armor/goldcoin"},{"predicate":{"custom_model_data":51062},"model":"freeminecraftmodels:em_goblin_armor/arrow1"},{"predicate":{"custom_model_data":51063},"model":"freeminecraftmodels:em_goblin_charms/freeminecraftmodels_autogenerated_root"},{"predicate":{"custom_model_data":51063},"model":"freeminecraftmodels:em_goblin_charms/goblin"},{"predicate":{"custom_model_data":51063},"model":"freeminecraftmodels:em_goblin_charms/goblin_entity"},{"predicate":{"custom_model_data":51064},"model":"freeminecraftmodels:em_goblin_charms/leftarm"},{"predicate":{"custom_model_data":51065},"model":"freeminecraftmodels:em_goblin_charms/rightarm"},{"predicate":{"custom_model_data":51066},"model":"freeminecraftmodels:em_goblin_charms/walkingstick"},{"predicate":{"custom_model_data":51067},"model":"freeminecraftmodels:em_goblin_charms/leftleg"},{"predicate":{"custom_model_data":51068},"model":"freeminecraftmodels:em_goblin_charms/rightleg"},{"predicate":{"custom_model_data":51069},"model":"freeminecraftmodels:em_goblin_charms/h_head"},{"predicate":{"custom_model_data":51070},"model":"freeminecraftmodels:em_goblin_charms/tag_name"},{"predicate":{"custom_model_data":51070},"model":"freeminecraftmodels:em_goblin_charms/backpack"},{"predicate":{"custom_model_data":51071},"model":"freeminecraftmodels:em_goblin_charms/sword"},{"predicate":{"custom_model_data":51072},"model":"freeminecraftmodels:em_goblin_charms/arrow1"},{"predicate":{"custom_model_data":51073},"model":"freeminecraftmodels:em_goblin_charms/arrow2"},{"predicate":{"custom_model_data":51074},"model":"freeminecraftmodels:em_goblin_coins/freeminecraftmodels_autogenerated_root"},{"predicate":{"custom_model_data":51074},"model":"freeminecraftmodels:em_goblin_coins/goblin"},{"predicate":{"custom_model_data":51074},"model":"freeminecraftmodels:em_goblin_coins/goblin_entity"},{"predicate":{"custom_model_data":51075},"model":"freeminecraftmodels:em_goblin_coins/leftarm"},{"predicate":{"custom_model_data":51076},"model":"freeminecraftmodels:em_goblin_coins/rightarm"},{"predicate":{"custom_model_data":51077},"model":"freeminecraftmodels:em_goblin_coins/walkingstick"},{"predicate":{"custom_model_data":51078},"model":"freeminecraftmodels:em_goblin_coins/leftleg"},{"predicate":{"custom_model_data":51079},"model":"freeminecraftmodels:em_goblin_coins/rightleg"},{"predicate":{"custom_model_data":51080},"model":"freeminecraftmodels:em_goblin_coins/h_head"},{"predicate":{"custom_model_data":51081},"model":"freeminecraftmodels:em_goblin_coins/tag_name"},{"predicate":{"custom_model_data":51081},"model":"freeminecraftmodels:em_goblin_coins/backpack"},{"predicate":{"custom_model_data":51082},"model":"freeminecraftmodels:em_goblin_coins/goldcoin"},{"predicate":{"custom_model_data":51083},"model":"freeminecraftmodels:em_goblin_coins/arrow1"},{"predicate":{"custom_model_data":51084},"model":"freeminecraftmodels:em_goblin_coins/arrow2"},{"predicate":{"custom_model_data":51085},"model":"freeminecraftmodels:em_goblin_treasure/freeminecraftmodels_autogenerated_root"},{"predicate":{"custom_model_data":51085},"model":"freeminecraftmodels:em_goblin_treasure/goblin"},{"predicate":{"custom_model_data":51085},"model":"freeminecraftmodels:em_goblin_treasure/goblin_entity"},{"predicate":{"custom_model_data":51086},"model":"freeminecraftmodels:em_goblin_treasure/leftarm"},{"predicate":{"custom_model_data":51087},"model":"freeminecraftmodels:em_goblin_treasure/rightarm"},{"predicate":{"custom_model_data":51088},"model":"freeminecraftmodels:em_goblin_treasure/walkingstick"},{"predicate":{"custom_model_data":51089},"model":"freeminecraftmodels:em_goblin_treasure/leftleg"},{"predicate":{"custom_model_data":51090},"model":"freeminecraftmodels:em_goblin_treasure/rightleg"},{"predicate":{"custom_model_data":51091},"model":"freeminecraftmodels:em_goblin_treasure/h_head"},{"predicate":{"custom_model_data":51092},"model":"freeminecraftmodels:em_goblin_treasure/tag_name"},{"predicate":{"custom_model_data":51092},"model":"freeminecraftmodels:em_goblin_treasure/backpack"},{"predicate":{"custom_model_data":51093},"model":"freeminecraftmodels:em_goblin_treasure/sword"},{"predicate":{"custom_model_data":51094},"model":"freeminecraftmodels:em_goblin_treasure/arrow1"},{"predicate":{"custom_model_data":51095},"model":"freeminecraftmodels:em_goblin_treasure/arrow2"},{"predicate":{"custom_model_data":51096},"model":"freeminecraftmodels:em_goblin_weapon/freeminecraftmodels_autogenerated_root"},{"predicate":{"custom_model_data":51096},"model":"freeminecraftmodels:em_goblin_weapon/goblin"},{"predicate":{"custom_model_data":51096},"model":"freeminecraftmodels:em_goblin_weapon/goblin_entity"},{"predicate":{"custom_model_data":51097},"model":"freeminecraftmodels:em_goblin_weapon/leftarm"},{"predicate":{"custom_model_data":51098},"model":"freeminecraftmodels:em_goblin_weapon/rightarm"},{"predicate":{"custom_model_data":51099},"model":"freeminecraftmodels:em_goblin_weapon/walkingstick"},{"predicate":{"custom_model_data":51100},"model":"freeminecraftmodels:em_goblin_weapon/leftleg"},{"predicate":{"custom_model_data":51101},"model":"freeminecraftmodels:em_goblin_weapon/rightleg"},{"predicate":{"custom_model_data":51102},"model":"freeminecraftmodels:em_goblin_weapon/h_head"},{"predicate":{"custom_model_data":51103},"model":"freeminecraftmodels:em_goblin_weapon/tag_name"},{"predicate":{"custom_model_data":51103},"model":"freeminecraftmodels:em_goblin_weapon/backpack"},{"predicate":{"custom_model_data":51104},"model":"freeminecraftmodels:em_goblin_weapon/sword"},{"predicate":{"custom_model_data":51105},"model":"freeminecraftmodels:em_goblin_weapon/arrow1"},{"predicate":{"custom_model_data":51106},"model":"freeminecraftmodels:em_goblin_weapon/arrow2"},{"predicate":{"custom_model_data":52107},"model":"freeminecraftmodels:frost_queen_phase_1/freeminecraftmodels_autogenerated_root"},{"predicate":{"custom_model_data":52107},"model":"freeminecraftmodels:frost_queen_phase_1/body"},{"predicate":{"custom_model_data":52107},"model":"freeminecraftmodels:frost_queen_phase_1/upbody"},{"predicate":{"custom_model_data":52107},"model":"freeminecraftmodels:frost_queen_phase_1/head"},{"predicate":{"custom_model_data":52108},"model":"freeminecraftmodels:frost_queen_phase_1/htop"},{"predicate":{"custom_model_data":52109},"model":"freeminecraftmodels:frost_queen_phase_1/ce"},{"predicate":{"custom_model_data":52110},"model":"freeminecraftmodels:frost_queen_phase_1/chest"},{"predicate":{"custom_model_data":52111},"model":"freeminecraftmodels:frost_queen_phase_1/rhand"},{"predicate":{"custom_model_data":52112},"model":"freeminecraftmodels:frost_queen_phase_1/rdir"},{"predicate":{"custom_model_data":52113},"model":"freeminecraftmodels:frost_queen_phase_1/bone"},{"predicate":{"custom_model_data":52114},"model":"freeminecraftmodels:frost_queen_phase_1/mace"},{"predicate":{"custom_model_data":52115},"model":"freeminecraftmodels:frost_queen_phase_1/bone2"},{"predicate":{"custom_model_data":52116},"model":"freeminecraftmodels:frost_queen_phase_1/bone3"},{"predicate":{"custom_model_data":52117},"model":"freeminecraftmodels:frost_queen_phase_1/bone4"},{"predicate":{"custom_model_data":52118},"model":"freeminecraftmodels:frost_queen_phase_1/lhand"},{"predicate":{"custom_model_data":52119},"model":"freeminecraftmodels:frost_queen_phase_1/ldir"},{"predicate":{"custom_model_data":52120},"model":"freeminecraftmodels:frost_queen_phase_1/lbil"},{"predicate":{"custom_model_data":52121},"model":"freeminecraftmodels:frost_queen_phase_1/rleg"},{"predicate":{"custom_model_data":52122},"model":"freeminecraftmodels:frost_queen_phase_1/rne"},{"predicate":{"custom_model_data":52123},"model":"freeminecraftmodels:frost_queen_phase_1/rble"},{"predicate":{"custom_model_data":52124},"model":"freeminecraftmodels:frost_queen_phase_1/lleg"},{"predicate":{"custom_model_data":52125},"model":"freeminecraftmodels:frost_queen_phase_1/lne"},{"predicate":{"custom_model_data":52126},"model":"freeminecraftmodels:frost_queen_phase_1/lble"},{"predicate":{"custom_model_data":52127},"model":"freeminecraftmodels:frost_queen_phase_2/freeminecraftmodels_autogenerated_root"},{"predicate":{"custom_model_data":52127},"model":"freeminecraftmodels:frost_queen_phase_2/bone"},{"predicate":{"custom_model_data":52128},"model":"freeminecraftmodels:frost_queen_phase_2/rarm"},{"predicate":{"custom_model_data":52129},"model":"freeminecraftmodels:frost_queen_phase_2/rd"},{"predicate":{"custom_model_data":52130},"model":"freeminecraftmodels:frost_queen_phase_2/rb"},{"predicate":{"custom_model_data":52131},"model":"freeminecraftmodels:frost_queen_phase_2/lleg"},{"predicate":{"custom_model_data":52132},"model":"freeminecraftmodels:frost_queen_phase_2/lad"},{"predicate":{"custom_model_data":52133},"model":"freeminecraftmodels:frost_queen_phase_2/lab"},{"predicate":{"custom_model_data":52134},"model":"freeminecraftmodels:frost_queen_phase_2/larm"},{"predicate":{"custom_model_data":52135},"model":"freeminecraftmodels:frost_queen_phase_2/ld"},{"predicate":{"custom_model_data":52136},"model":"freeminecraftmodels:frost_queen_phase_2/lb"},{"predicate":{"custom_model_data":52137},"model":"freeminecraftmodels:frost_queen_phase_2/chest"},{"predicate":{"custom_model_data":52138},"model":"freeminecraftmodels:frost_queen_phase_2/head"},{"predicate":{"custom_model_data":52139},"model":"freeminecraftmodels:frost_queen_phase_2/jaa"},{"predicate":{"custom_model_data":52140},"model":"freeminecraftmodels:frost_queen_phase_2/rleg"},{"predicate":{"custom_model_data":52141},"model":"freeminecraftmodels:frost_queen_phase_2/rad"},{"predicate":{"custom_model_data":52142},"model":"freeminecraftmodels:frost_queen_phase_2/rab"},{"predicate":{"custom_model_data":52143},"model":"freeminecraftmodels:frost_queen_phase_3/freeminecraftmodels_autogenerated_root"},{"predicate":{"custom_model_data":52143},"model":"freeminecraftmodels:frost_queen_phase_3/bone"},{"predicate":{"custom_model_data":52143},"model":"freeminecraftmodels:frost_queen_phase_3/upperbody"},{"predicate":{"custom_model_data":52143},"model":"freeminecraftmodels:frost_queen_phase_3/rarm"},{"predicate":{"custom_model_data":52144},"model":"freeminecraftmodels:frost_queen_phase_3/rdir"},{"predicate":{"custom_model_data":52145},"model":"freeminecraftmodels:frost_queen_phase_3/rbil"},{"predicate":{"custom_model_data":52146},"model":"freeminecraftmodels:frost_queen_phase_3/chest"},{"predicate":{"custom_model_data":52146},"model":"freeminecraftmodels:frost_queen_phase_3/bone17"},{"predicate":{"custom_model_data":52147},"model":"freeminecraftmodels:frost_queen_phase_3/bone3"},{"predicate":{"custom_model_data":52148},"model":"freeminecraftmodels:frost_queen_phase_3/bone5"},{"predicate":{"custom_model_data":52149},"model":"freeminecraftmodels:frost_queen_phase_3/bone6"},{"predicate":{"custom_model_data":52150},"model":"freeminecraftmodels:frost_queen_phase_3/bone4"},{"predicate":{"custom_model_data":52151},"model":"freeminecraftmodels:frost_queen_phase_3/neck"},{"predicate":{"custom_model_data":52152},"model":"freeminecraftmodels:frost_queen_phase_3/head"},{"predicate":{"custom_model_data":52153},"model":"freeminecraftmodels:frost_queen_phase_3/bone2"},{"predicate":{"custom_model_data":52154},"model":"freeminecraftmodels:frost_queen_phase_3/larm"},{"predicate":{"custom_model_data":52155},"model":"freeminecraftmodels:frost_queen_phase_3/ldir"},{"predicate":{"custom_model_data":52156},"model":"freeminecraftmodels:frost_queen_phase_3/lbil"},{"predicate":{"custom_model_data":52157},"model":"freeminecraftmodels:frost_queen_phase_3/bone7"},{"predicate":{"custom_model_data":52158},"model":"freeminecraftmodels:frost_queen_phase_3/rleg"},{"predicate":{"custom_model_data":52159},"model":"freeminecraftmodels:frost_queen_phase_3/rdir2"},{"predicate":{"custom_model_data":52160},"model":"freeminecraftmodels:frost_queen_phase_3/rayk"},{"predicate":{"custom_model_data":52161},"model":"freeminecraftmodels:frost_queen_phase_3/lleg"},{"predicate":{"custom_model_data":52162},"model":"freeminecraftmodels:frost_queen_phase_3/ldir2"},{"predicate":{"custom_model_data":52163},"model":"freeminecraftmodels:frost_queen_phase_3/layk"},{"predicate":{"custom_model_data":52164},"model":"freeminecraftmodels:frost_queen_phase_3/bone8"},{"predicate":{"custom_model_data":53165},"model":"freeminecraftmodels:01_heart_of_darkness/freeminecraftmodels_autogenerated_root"},{"predicate":{"custom_model_data":53165},"model":"freeminecraftmodels:01_heart_of_darkness/heart"},{"predicate":{"custom_model_data":53166},"model":"freeminecraftmodels:01_heart_of_darkness/mainheart"},{"predicate":{"custom_model_data":53167},"model":"freeminecraftmodels:01_heart_of_darkness/artery3"},{"predicate":{"custom_model_data":53168},"model":"freeminecraftmodels:01_heart_of_darkness/artery2"},{"predicate":{"custom_model_data":53169},"model":"freeminecraftmodels:01_heart_of_darkness/artery1"},{"predicate":{"custom_model_data":53170},"model":"freeminecraftmodels:01_heart_of_darkness/artery4"},{"predicate":{"custom_model_data":53171},"model":"freeminecraftmodels:01_heart_of_darkness/tag_name"},{"predicate":{"custom_model_data":53171},"model":"freeminecraftmodels:01_heart_of_darkness/hitbox"},{"predicate":{"custom_model_data":53172},"model":"freeminecraftmodels:02_arcanist/freeminecraftmodels_autogenerated_root"},{"predicate":{"custom_model_data":53172},"model":"freeminecraftmodels:02_arcanist/body"},{"predicate":{"custom_model_data":53173},"model":"freeminecraftmodels:02_arcanist/lleg"},{"predicate":{"custom_model_data":53174},"model":"freeminecraftmodels:02_arcanist/rleg"},{"predicate":{"custom_model_data":53175},"model":"freeminecraftmodels:02_arcanist/larm"},{"predicate":{"custom_model_data":53176},"model":"freeminecraftmodels:02_arcanist/weapon"},{"predicate":{"custom_model_data":53177},"model":"freeminecraftmodels:02_arcanist/rarm"},{"predicate":{"custom_model_data":53178},"model":"freeminecraftmodels:02_arcanist/rcape"},{"predicate":{"custom_model_data":53179},"model":"freeminecraftmodels:02_arcanist/lcape"},{"predicate":{"custom_model_data":53180},"model":"freeminecraftmodels:02_arcanist/cape"},{"predicate":{"custom_model_data":53181},"model":"freeminecraftmodels:02_arcanist/h_head"},{"predicate":{"custom_model_data":53182},"model":"freeminecraftmodels:02_arcanist/hat"},{"predicate":{"custom_model_data":53183},"model":"freeminecraftmodels:02_arcanist/tag_name"},{"predicate":{"custom_model_data":53183},"model":"freeminecraftmodels:02_arcanist/hitbox"},{"predicate":{"custom_model_data":53184},"model":"freeminecraftmodels:03_end_fly/freeminecraftmodels_autogenerated_root"},{"predicate":{"custom_model_data":53184},"model":"freeminecraftmodels:03_end_fly/body"},{"predicate":{"custom_model_data":53185},"model":"freeminecraftmodels:03_end_fly/lleg2"},{"predicate":{"custom_model_data":53186},"model":"freeminecraftmodels:03_end_fly/bottom"},{"predicate":{"custom_model_data":53187},"model":"freeminecraftmodels:03_end_fly/h_head"},{"predicate":{"custom_model_data":53188},"model":"freeminecraftmodels:03_end_fly/tag_name"},{"predicate":{"custom_model_data":53188},"model":"freeminecraftmodels:03_end_fly/lwing"},{"predicate":{"custom_model_data":53189},"model":"freeminecraftmodels:03_end_fly/rwing"},{"predicate":{"custom_model_data":53190},"model":"freeminecraftmodels:03_end_fly/lleg1"},{"predicate":{"custom_model_data":53191},"model":"freeminecraftmodels:03_end_fly/lleg3"},{"predicate":{"custom_model_data":53192},"model":"freeminecraftmodels:03_end_fly/rleg1"},{"predicate":{"custom_model_data":53193},"model":"freeminecraftmodels:03_end_fly/rleg2"},{"predicate":{"custom_model_data":53194},"model":"freeminecraftmodels:03_end_fly/rleg3"},{"predicate":{"custom_model_data":53195},"model":"freeminecraftmodels:03_end_fly/hitbox"},{"predicate":{"custom_model_data":53196},"model":"freeminecraftmodels:04_hopper_cultist/freeminecraftmodels_autogenerated_root"},{"predicate":{"custom_model_data":53196},"model":"freeminecraftmodels:04_hopper_cultist/body"},{"predicate":{"custom_model_data":53197},"model":"freeminecraftmodels:04_hopper_cultist/h_head"},{"predicate":{"custom_model_data":53198},"model":"freeminecraftmodels:04_hopper_cultist/tag_name"},{"predicate":{"custom_model_data":53198},"model":"freeminecraftmodels:04_hopper_cultist/lleg"},{"predicate":{"custom_model_data":53199},"model":"freeminecraftmodels:04_hopper_cultist/llegmid"},{"predicate":{"custom_model_data":53200},"model":"freeminecraftmodels:04_hopper_cultist/llegbot"},{"predicate":{"custom_model_data":53201},"model":"freeminecraftmodels:04_hopper_cultist/rleg"},{"predicate":{"custom_model_data":53202},"model":"freeminecraftmodels:04_hopper_cultist/rlegmid"},{"predicate":{"custom_model_data":53203},"model":"freeminecraftmodels:04_hopper_cultist/rlegbot"},{"predicate":{"custom_model_data":53204},"model":"freeminecraftmodels:04_hopper_cultist/rarm"},{"predicate":{"custom_model_data":53205},"model":"freeminecraftmodels:04_hopper_cultist/larm"},{"predicate":{"custom_model_data":53206},"model":"freeminecraftmodels:04_hopper_cultist/ftabard"},{"predicate":{"custom_model_data":53207},"model":"freeminecraftmodels:04_hopper_cultist/btabard"},{"predicate":{"custom_model_data":53208},"model":"freeminecraftmodels:em_craftenmine/freeminecraftmodels_autogenerated_root"},{"predicate":{"custom_model_data":53208},"model":"freeminecraftmodels:em_craftenmine/body"},{"predicate":{"custom_model_data":53209},"model":"freeminecraftmodels:em_craftenmine/lleg"},{"predicate":{"custom_model_data":53210},"model":"freeminecraftmodels:em_craftenmine/ln"},{"predicate":{"custom_model_data":53211},"model":"freeminecraftmodels:em_craftenmine/lb"},{"predicate":{"custom_model_data":53212},"model":"freeminecraftmodels:em_craftenmine/rleg"},{"predicate":{"custom_model_data":53213},"model":"freeminecraftmodels:em_craftenmine/rn"},{"predicate":{"custom_model_data":53214},"model":"freeminecraftmodels:em_craftenmine/rb"},{"predicate":{"custom_model_data":53215},"model":"freeminecraftmodels:em_craftenmine/rarm"},{"predicate":{"custom_model_data":53216},"model":"freeminecraftmodels:em_craftenmine/ran"},{"predicate":{"custom_model_data":53217},"model":"freeminecraftmodels:em_craftenmine/rab"},{"predicate":{"custom_model_data":53218},"model":"freeminecraftmodels:em_craftenmine/head"},{"predicate":{"custom_model_data":53219},"model":"freeminecraftmodels:em_craftenmine/larm"},{"predicate":{"custom_model_data":53220},"model":"freeminecraftmodels:em_craftenmine/lan"},{"predicate":{"custom_model_data":53221},"model":"freeminecraftmodels:em_craftenmine/lab"},{"predicate":{"custom_model_data":54222},"model":"freeminecraftmodels:01_em_wolf/freeminecraftmodels_autogenerated_root"},{"predicate":{"custom_model_data":54222},"model":"freeminecraftmodels:01_em_wolf/wolf"},{"predicate":{"custom_model_data":54222},"model":"freeminecraftmodels:01_em_wolf/bodyfront"},{"predicate":{"custom_model_data":54223},"model":"freeminecraftmodels:01_em_wolf/bodyback"},{"predicate":{"custom_model_data":54224},"model":"freeminecraftmodels:01_em_wolf/tail1"},{"predicate":{"custom_model_data":54225},"model":"freeminecraftmodels:01_em_wolf/tail2"},{"predicate":{"custom_model_data":54226},"model":"freeminecraftmodels:01_em_wolf/tail3"},{"predicate":{"custom_model_data":54227},"model":"freeminecraftmodels:01_em_wolf/leftlegback"},{"predicate":{"custom_model_data":54228},"model":"freeminecraftmodels:01_em_wolf/leftlowerlegback"},{"predicate":{"custom_model_data":54229},"model":"freeminecraftmodels:01_em_wolf/rightlegback"},{"predicate":{"custom_model_data":54230},"model":"freeminecraftmodels:01_em_wolf/rightlowerlegback"},{"predicate":{"custom_model_data":54231},"model":"freeminecraftmodels:01_em_wolf/leftlegfront"},{"predicate":{"custom_model_data":54232},"model":"freeminecraftmodels:01_em_wolf/leftlowerlegfront"},{"predicate":{"custom_model_data":54233},"model":"freeminecraftmodels:01_em_wolf/rightlegfront"},{"predicate":{"custom_model_data":54234},"model":"freeminecraftmodels:01_em_wolf/rightlowerlegfront"},{"predicate":{"custom_model_data":54235},"model":"freeminecraftmodels:01_em_wolf/h_head"},{"predicate":{"custom_model_data":54236},"model":"freeminecraftmodels:01_em_wolf/tag_name"},{"predicate":{"custom_model_data":54236},"model":"freeminecraftmodels:01_em_wolf/h_jaw"},{"predicate":{"custom_model_data":54237},"model":"freeminecraftmodels:02_em_sea_monster/freeminecraftmodels_autogenerated_root"},{"predicate":{"custom_model_data":54237},"model":"freeminecraftmodels:02_em_sea_monster/kraken"},{"predicate":{"custom_model_data":54237},"model":"freeminecraftmodels:02_em_sea_monster/body"},{"predicate":{"custom_model_data":54238},"model":"freeminecraftmodels:02_em_sea_monster/tag_name"},{"predicate":{"custom_model_data":54238},"model":"freeminecraftmodels:02_em_sea_monster/aa2"},{"predicate":{"custom_model_data":54238},"model":"freeminecraftmodels:02_em_sea_monster/aa"},{"predicate":{"custom_model_data":54239},"model":"freeminecraftmodels:02_em_sea_monster/a"},{"predicate":{"custom_model_data":54239},"model":"freeminecraftmodels:02_em_sea_monster/a2"},{"predicate":{"custom_model_data":54240},"model":"freeminecraftmodels:02_em_sea_monster/a1"},{"predicate":{"custom_model_data":54241},"model":"freeminecraftmodels:02_em_sea_monster/a3"},{"predicate":{"custom_model_data":54241},"model":"freeminecraftmodels:02_em_sea_monster/eyes"},{"predicate":{"custom_model_data":54242},"model":"freeminecraftmodels:02_em_sea_monster/e1"},{"predicate":{"custom_model_data":54243},"model":"freeminecraftmodels:02_em_sea_monster/bone"},{"predicate":{"custom_model_data":54244},"model":"freeminecraftmodels:02_em_sea_monster/e2"},{"predicate":{"custom_model_data":54245},"model":"freeminecraftmodels:02_em_sea_monster/bone2"},{"predicate":{"custom_model_data":54246},"model":"freeminecraftmodels:02_em_sea_monster/tentacles"},{"predicate":{"custom_model_data":54246},"model":"freeminecraftmodels:02_em_sea_monster/tentacle_1"},{"predicate":{"custom_model_data":54247},"model":"freeminecraftmodels:02_em_sea_monster/t1"},{"predicate":{"custom_model_data":54248},"model":"freeminecraftmodels:02_em_sea_monster/t2"},{"predicate":{"custom_model_data":54249},"model":"freeminecraftmodels:02_em_sea_monster/t3"},{"predicate":{"custom_model_data":54250},"model":"freeminecraftmodels:02_em_sea_monster/tentacle_2"},{"predicate":{"custom_model_data":54251},"model":"freeminecraftmodels:02_em_sea_monster/t2_1"},{"predicate":{"custom_model_data":54252},"model":"freeminecraftmodels:02_em_sea_monster/t2_2"},{"predicate":{"custom_model_data":54253},"model":"freeminecraftmodels:02_em_sea_monster/tentacle_3"},{"predicate":{"custom_model_data":54254},"model":"freeminecraftmodels:02_em_sea_monster/t4"},{"predicate":{"custom_model_data":54255},"model":"freeminecraftmodels:02_em_sea_monster/t5"},{"predicate":{"custom_model_data":54256},"model":"freeminecraftmodels:02_em_sea_monster/t6"},{"predicate":{"custom_model_data":54257},"model":"freeminecraftmodels:02_em_sea_monster/tentacle_4"},{"predicate":{"custom_model_data":54258},"model":"freeminecraftmodels:02_em_sea_monster/t7"},{"predicate":{"custom_model_data":54259},"model":"freeminecraftmodels:02_em_sea_monster/t8"},{"predicate":{"custom_model_data":54260},"model":"freeminecraftmodels:02_em_sea_monster/t9"},{"predicate":{"custom_model_data":54261},"model":"freeminecraftmodels:02_em_sea_monster/tentacle_5"},{"predicate":{"custom_model_data":54262},"model":"freeminecraftmodels:02_em_sea_monster/t2_3"},{"predicate":{"custom_model_data":54263},"model":"freeminecraftmodels:02_em_sea_monster/t2_4"},{"predicate":{"custom_model_data":54264},"model":"freeminecraftmodels:02_em_sea_monster/tentacle_6"},{"predicate":{"custom_model_data":54265},"model":"freeminecraftmodels:02_em_sea_monster/t10"},{"predicate":{"custom_model_data":54266},"model":"freeminecraftmodels:02_em_sea_monster/t11"},{"predicate":{"custom_model_data":54267},"model":"freeminecraftmodels:02_em_sea_monster/t12"},{"predicate":{"custom_model_data":54268},"model":"freeminecraftmodels:02_em_sea_monster/tentacle_7"},{"predicate":{"custom_model_data":54269},"model":"freeminecraftmodels:02_em_sea_monster/t13"},{"predicate":{"custom_model_data":54270},"model":"freeminecraftmodels:02_em_sea_monster/t14"},{"predicate":{"custom_model_data":54271},"model":"freeminecraftmodels:02_em_sea_monster/t15"},{"predicate":{"custom_model_data":54272},"model":"freeminecraftmodels:02_em_sea_monster/tentacle_8"},{"predicate":{"custom_model_data":54273},"model":"freeminecraftmodels:02_em_sea_monster/t16"},{"predicate":{"custom_model_data":54274},"model":"freeminecraftmodels:02_em_sea_monster/t17"},{"predicate":{"custom_model_data":54275},"model":"freeminecraftmodels:02_em_sea_monster/t18"},{"predicate":{"custom_model_data":54276},"model":"freeminecraftmodels:02_em_sea_monster/tt1"},{"predicate":{"custom_model_data":54277},"model":"freeminecraftmodels:02_em_sea_monster/tt2"},{"predicate":{"custom_model_data":54278},"model":"freeminecraftmodels:02_em_sea_monster/tt3"},{"predicate":{"custom_model_data":54279},"model":"freeminecraftmodels:02_em_sea_monster/tt4"},{"predicate":{"custom_model_data":54280},"model":"freeminecraftmodels:02_em_sea_monster/tt5"},{"predicate":{"custom_model_data":54281},"model":"freeminecraftmodels:02_em_sea_monster/tt6"},{"predicate":{"custom_model_data":54282},"model":"freeminecraftmodels:02_em_sea_monster/tt7"},{"predicate":{"custom_model_data":54283},"model":"freeminecraftmodels:02_em_sea_monster/tt8"},{"predicate":{"custom_model_data":54284},"model":"freeminecraftmodels:02_em_sea_monster/tt9"},{"predicate":{"custom_model_data":54285},"model":"freeminecraftmodels:02_em_sea_monster/tt10"},{"predicate":{"custom_model_data":54286},"model":"freeminecraftmodels:02_em_sea_monster/tt11"},{"predicate":{"custom_model_data":54287},"model":"freeminecraftmodels:02_em_sea_monster/tt12"},{"predicate":{"custom_model_data":54288},"model":"freeminecraftmodels:03_em_quartz_elemental/freeminecraftmodels_autogenerated_root"},{"predicate":{"custom_model_data":54288},"model":"freeminecraftmodels:03_em_quartz_elemental/body"},{"predicate":{"custom_model_data":54289},"model":"freeminecraftmodels:03_em_quartz_elemental/head"},{"predicate":{"custom_model_data":54290},"model":"freeminecraftmodels:03_em_quartz_elemental/tag_head"},{"predicate":{"custom_model_data":54290},"model":"freeminecraftmodels:03_em_quartz_elemental/rightarm"},{"predicate":{"custom_model_data":54291},"model":"freeminecraftmodels:03_em_quartz_elemental/leftarm"},{"predicate":{"custom_model_data":54292},"model":"freeminecraftmodels:04_em_minor_ice_elemental/freeminecraftmodels_autogenerated_root"},{"predicate":{"custom_model_data":54292},"model":"freeminecraftmodels:04_em_minor_ice_elemental/body"},{"predicate":{"custom_model_data":54293},"model":"freeminecraftmodels:04_em_minor_ice_elemental/head"},{"predicate":{"custom_model_data":54294},"model":"freeminecraftmodels:04_em_minor_ice_elemental/tag_name"},{"predicate":{"custom_model_data":54294},"model":"freeminecraftmodels:04_em_minor_ice_elemental/leftarm"},{"predicate":{"custom_model_data":54295},"model":"freeminecraftmodels:04_em_minor_ice_elemental/rightarm"},{"predicate":{"custom_model_data":54296},"model":"freeminecraftmodels:05_em_ancient_golem/freeminecraftmodels_autogenerated_root"},{"predicate":{"custom_model_data":54296},"model":"freeminecraftmodels:05_em_ancient_golem/blitzcrank"},{"predicate":{"custom_model_data":54297},"model":"freeminecraftmodels:05_em_ancient_golem/leftleg"},{"predicate":{"custom_model_data":54298},"model":"freeminecraftmodels:05_em_ancient_golem/leftfoot"},{"predicate":{"custom_model_data":54299},"model":"freeminecraftmodels:05_em_ancient_golem/rightleg"},{"predicate":{"custom_model_data":54300},"model":"freeminecraftmodels:05_em_ancient_golem/rightfoot"},{"predicate":{"custom_model_data":54301},"model":"freeminecraftmodels:05_em_ancient_golem/upperbody"},{"predicate":{"custom_model_data":54302},"model":"freeminecraftmodels:05_em_ancient_golem/cog1"},{"predicate":{"custom_model_data":54303},"model":"freeminecraftmodels:05_em_ancient_golem/cog2"},{"predicate":{"custom_model_data":54304},"model":"freeminecraftmodels:05_em_ancient_golem/cog3"},{"predicate":{"custom_model_data":54305},"model":"freeminecraftmodels:05_em_ancient_golem/rightarm3"},{"predicate":{"custom_model_data":54306},"model":"freeminecraftmodels:05_em_ancient_golem/rightlowerarm3"},{"predicate":{"custom_model_data":54307},"model":"freeminecraftmodels:05_em_ancient_golem/leftarm"},{"predicate":{"custom_model_data":54308},"model":"freeminecraftmodels:05_em_ancient_golem/leftlowerarm"},{"predicate":{"custom_model_data":54309},"model":"freeminecraftmodels:05_em_ancient_golem/h_head"},{"predicate":{"custom_model_data":54310},"model":"freeminecraftmodels:05_em_ancient_golem/tag_name"},{"predicate":{"custom_model_data":54310},"model":"freeminecraftmodels:06_em_corrupted_advisor/freeminecraftmodels_autogenerated_root"},{"predicate":{"custom_model_data":54310},"model":"freeminecraftmodels:06_em_corrupted_advisor/body"},{"predicate":{"custom_model_data":54311},"model":"freeminecraftmodels:06_em_corrupted_advisor/potion3"},{"predicate":{"custom_model_data":54312},"model":"freeminecraftmodels:06_em_corrupted_advisor/potion4"},{"predicate":{"custom_model_data":54313},"model":"freeminecraftmodels:06_em_corrupted_advisor/potion5"},{"predicate":{"custom_model_data":54314},"model":"freeminecraftmodels:06_em_corrupted_advisor/potion"},{"predicate":{"custom_model_data":54315},"model":"freeminecraftmodels:06_em_corrupted_advisor/larm"},{"predicate":{"custom_model_data":54316},"model":"freeminecraftmodels:06_em_corrupted_advisor/scroll"},{"predicate":{"custom_model_data":54317},"model":"freeminecraftmodels:06_em_corrupted_advisor/rrram"},{"predicate":{"custom_model_data":54318},"model":"freeminecraftmodels:06_em_corrupted_advisor/hand_potion"},{"predicate":{"custom_model_data":54319},"model":"freeminecraftmodels:06_em_corrupted_advisor/lleg"},{"predicate":{"custom_model_data":54320},"model":"freeminecraftmodels:06_em_corrupted_advisor/rleg"},{"predicate":{"custom_model_data":54321},"model":"freeminecraftmodels:06_em_corrupted_advisor/tag_head"},{"predicate":{"custom_model_data":54322},"model":"freeminecraftmodels:06_em_corrupted_advisor/tag_name"},{"predicate":{"custom_model_data":54322},"model":"freeminecraftmodels:07_em_corrupted_advisor_2/freeminecraftmodels_autogenerated_root"},{"predicate":{"custom_model_data":54322},"model":"freeminecraftmodels:07_em_corrupted_advisor_2/body"},{"predicate":{"custom_model_data":54323},"model":"freeminecraftmodels:07_em_corrupted_advisor_2/potion3"},{"predicate":{"custom_model_data":54324},"model":"freeminecraftmodels:07_em_corrupted_advisor_2/potion4"},{"predicate":{"custom_model_data":54325},"model":"freeminecraftmodels:07_em_corrupted_advisor_2/potion5"},{"predicate":{"custom_model_data":54326},"model":"freeminecraftmodels:07_em_corrupted_advisor_2/potion"},{"predicate":{"custom_model_data":54327},"model":"freeminecraftmodels:07_em_corrupted_advisor_2/larm"},{"predicate":{"custom_model_data":54328},"model":"freeminecraftmodels:07_em_corrupted_advisor_2/scroll"},{"predicate":{"custom_model_data":54329},"model":"freeminecraftmodels:07_em_corrupted_advisor_2/rrram"},{"predicate":{"custom_model_data":54330},"model":"freeminecraftmodels:07_em_corrupted_advisor_2/hand_potion"},{"predicate":{"custom_model_data":54331},"model":"freeminecraftmodels:07_em_corrupted_advisor_2/lleg"},{"predicate":{"custom_model_data":54332},"model":"freeminecraftmodels:07_em_corrupted_advisor_2/rleg"},{"predicate":{"custom_model_data":54333},"model":"freeminecraftmodels:07_em_corrupted_advisor_2/tag_head"},{"predicate":{"custom_model_data":54334},"model":"freeminecraftmodels:07_em_corrupted_advisor_2/tag_name"},{"predicate":{"custom_model_data":54334},"model":"freeminecraftmodels:08_em_big_ol_bubba/freeminecraftmodels_autogenerated_root"},{"predicate":{"custom_model_data":54334},"model":"freeminecraftmodels:08_em_big_ol_bubba/body"},{"predicate":{"custom_model_data":54335},"model":"freeminecraftmodels:08_em_big_ol_bubba/rfleg"},{"predicate":{"custom_model_data":54336},"model":"freeminecraftmodels:08_em_big_ol_bubba/lbleg"},{"predicate":{"custom_model_data":54337},"model":"freeminecraftmodels:08_em_big_ol_bubba/rbleg"},{"predicate":{"custom_model_data":54338},"model":"freeminecraftmodels:08_em_big_ol_bubba/lfleg"},{"predicate":{"custom_model_data":54339},"model":"freeminecraftmodels:08_em_big_ol_bubba/head"},{"predicate":{"custom_model_data":54340},"model":"freeminecraftmodels:08_em_big_ol_bubba/tag_name"},{"predicate":{"custom_model_data":54340},"model":"freeminecraftmodels:08_em_big_ol_bubba/bone"},{"predicate":{"custom_model_data":54341},"model":"freeminecraftmodels:09_em_earth_model/freeminecraftmodels_autogenerated_root"},{"predicate":{"custom_model_data":54341},"model":"freeminecraftmodels:09_em_earth_model/leftarm"},{"predicate":{"custom_model_data":54341},"model":"freeminecraftmodels:09_em_earth_model/rightarm"},{"predicate":{"custom_model_data":54341},"model":"freeminecraftmodels:09_em_earth_model/head"},{"predicate":{"custom_model_data":54342},"model":"freeminecraftmodels:09_em_earth_model/tag_name"},{"predicate":{"custom_model_data":54342},"model":"freeminecraftmodels:09_em_earth_model/body"},{"predicate":{"custom_model_data":54343},"model":"freeminecraftmodels:09_em_earth_model/bone"},{"predicate":{"custom_model_data":54344},"model":"freeminecraftmodels:09_em_earth_model/bone2"},{"predicate":{"custom_model_data":54345},"model":"freeminecraftmodels:10_em_minor_fire_elemental/freeminecraftmodels_autogenerated_root"},{"predicate":{"custom_model_data":54345},"model":"freeminecraftmodels:10_em_minor_fire_elemental/leftarm"},{"predicate":{"custom_model_data":54346},"model":"freeminecraftmodels:10_em_minor_fire_elemental/rightarm"},{"predicate":{"custom_model_data":54347},"model":"freeminecraftmodels:10_em_minor_fire_elemental/tag_head"},{"predicate":{"custom_model_data":54348},"model":"freeminecraftmodels:10_em_minor_fire_elemental/tag_name"},{"predicate":{"custom_model_data":54348},"model":"freeminecraftmodels:10_em_minor_fire_elemental/body"},{"predicate":{"custom_model_data":54349},"model":"freeminecraftmodels:11_em_blood_elemental/freeminecraftmodels_autogenerated_root"},{"predicate":{"custom_model_data":54349},"model":"freeminecraftmodels:11_em_blood_elemental/body"},{"predicate":{"custom_model_data":54349},"model":"freeminecraftmodels:11_em_blood_elemental/lower_body"},{"predicate":{"custom_model_data":54350},"model":"freeminecraftmodels:11_em_blood_elemental/upper_body"},{"predicate":{"custom_model_data":54351},"model":"freeminecraftmodels:11_em_blood_elemental/tag_name"},{"predicate":{"custom_model_data":54351},"model":"freeminecraftmodels:11_em_blood_elemental/tag_h_head"},{"predicate":{"custom_model_data":54352},"model":"freeminecraftmodels:11_em_blood_elemental/right_deco"},{"predicate":{"custom_model_data":54353},"model":"freeminecraftmodels:11_em_blood_elemental/left_deco"},{"predicate":{"custom_model_data":54354},"model":"freeminecraftmodels:11_em_blood_elemental/right_arm"},{"predicate":{"custom_model_data":54355},"model":"freeminecraftmodels:11_em_blood_elemental/right_hand"},{"predicate":{"custom_model_data":54356},"model":"freeminecraftmodels:11_em_blood_elemental/right_finger_three"},{"predicate":{"custom_model_data":54357},"model":"freeminecraftmodels:11_em_blood_elemental/right_finger_two"},{"predicate":{"custom_model_data":54358},"model":"freeminecraftmodels:11_em_blood_elemental/right_finger_one"},{"predicate":{"custom_model_data":54359},"model":"freeminecraftmodels:11_em_blood_elemental/right_thumb"},{"predicate":{"custom_model_data":54360},"model":"freeminecraftmodels:11_em_blood_elemental/left_arm"},{"predicate":{"custom_model_data":54361},"model":"freeminecraftmodels:11_em_blood_elemental/left_hand"},{"predicate":{"custom_model_data":54362},"model":"freeminecraftmodels:11_em_blood_elemental/left_finger_three"},{"predicate":{"custom_model_data":54363},"model":"freeminecraftmodels:11_em_blood_elemental/left_finger_two"},{"predicate":{"custom_model_data":54364},"model":"freeminecraftmodels:11_em_blood_elemental/left_finger_one"},{"predicate":{"custom_model_data":54365},"model":"freeminecraftmodels:11_em_blood_elemental/left_thumb"},{"predicate":{"custom_model_data":54366},"model":"freeminecraftmodels:strange_tnt_model_the_deep_mines/freeminecraftmodels_autogenerated_root"},{"predicate":{"custom_model_data":54366},"model":"freeminecraftmodels:strange_tnt_model_the_deep_mines/bone"},{"predicate":{"custom_model_data":54367},"model":"freeminecraftmodels:tnt_model_the_deep_mines/freeminecraftmodels_autogenerated_root"},{"predicate":{"custom_model_data":54367},"model":"freeminecraftmodels:tnt_model_the_deep_mines/bone"}]}