{"parent":"minecraft:item/generated","textures":{"layer0":"minecraft:item/paper"},"overrides":[{"predicate":{"custom_model_data":31173},"model":"elitemobs:ui/goldenquestionmark"},{"predicate":{"custom_model_data":31175},"model":"elitemobs:primis_map/primis_map_1"},{"predicate":{"custom_model_data":31176},"model":"elitemobs:primis_map/primis_map_2"},{"predicate":{"custom_model_data":31177},"model":"elitemobs:primis_map/primis_map_3"},{"predicate":{"custom_model_data":31178},"model":"elitemobs:primis_map/primis_map_4"},{"predicate":{"custom_model_data":31179},"model":"elitemobs:primis_map/primis_map_5"},{"predicate":{"custom_model_data":31180},"model":"elitemobs:primis_map/primis_map_6"},{"predicate":{"custom_model_data":31181},"model":"elitemobs:primis_map/primis_map_7"},{"predicate":{"custom_model_data":31182},"model":"elitemobs:primis_map/primis_map_8"},{"predicate":{"custom_model_data":31183},"model":"elitemobs:primis_map/primis_map_9"},{"predicate":{"custom_model_data":1829130},"model":"item/gui/button_toggle_unlocked_for_everyone"},{"predicate":{"custom_model_data":1829131},"model":"item/gui/button_set_tool_requirement"},{"predicate":{"custom_model_data":1829132},"model":"item/gui/button_toggle_exact_meta"},{"predicate":{"custom_model_data":1829133},"model":"item/gui/button_set_tool_requirement_offset"},{"predicate":{"custom_model_data":6788200},"model":"item/materials/polishing_compound"},{"predicate":{"custom_model_data":9827320},"model":"item/materials/attuned_scroll"},{"predicate":{"custom_model_data":10000},"model":"_iainternal:ia_auto_gen/icon_left_blue"},{"predicate":{"custom_model_data":10001},"model":"_iainternal:ia_auto_gen/icon_right_blue"},{"predicate":{"custom_model_data":10002},"model":"_iainternal:ia_auto_gen/icon_search"},{"predicate":{"custom_model_data":10003},"model":"_iainternal:ia_auto_gen/icon_cancel"},{"predicate":{"custom_model_data":10004},"model":"_iainternal:ia_auto_gen/icon_arrow_chest"},{"predicate":{"custom_model_data":10005},"model":"_iainternal:ia_auto_gen/icon_back_orange"},{"predicate":{"custom_model_data":10006},"model":"_iainternal:ia_auto_gen/icon_next_orange"},{"predicate":{"custom_model_data":10007},"model":"item/paper"}]}