{"parent":"item/handheld","textures":{"layer0":"item/wooden_sword"},"overrides":[{"predicate":{"custom_model_data":1},"model":"elitemobs:items/magmaguys_toothpick"},{"predicate":{"custom_model_data":1981820},"model":"item/weapons/wooden_dagger"},{"predicate":{"custom_model_data":1981821},"model":"item/weapons/wooden_mace"},{"predicate":{"custom_model_data":1981822},"model":"item/weapons/wooden_rapier"},{"predicate":{"custom_model_data":1981825},"model":"item/weapons/wooden_warhammer"},{"predicate":{"custom_model_data":1981826},"model":"item/weapons/wooden_spear"},{"predicate":{"custom_model_data":1981827},"model":"item/weapons/wooden_greataxe"}]}