{"sources":[{"type":"directory","source":"entity","prefix":"entity/"},{"type":"directory","source":"items","prefix":"items/"},{"type":"directory","source":"blocks","prefix":"blocks/"},{"type":"directory","source":"primis_map","prefix":"primis_map/"},{"source":"ui","prefix":"ui/","type":"directory"},{"source":"gui","prefix":"gui/","type":"directory"},{"type":"single","resource":"advancedpets:advancedpets/upgrade"},{"type":"single","resource":"battlepass:battlepass/unlocked"},{"type":"single","resource":"advancedpets:advancedpets/pet_ride"},{"type":"single","resource":"advancedpets:advancedpets/pet_shop"},{"type":"single","resource":"advancedpets:advancedpets/pet_rename"},{"type":"single","resource":"advancedpets:advancedpets/pet_remove"},{"type":"single","resource":"_iainternal:icons/icon_left_blue"},{"type":"single","resource":"battlepass:battlepass/questbook"},{"type":"single","resource":"_iainternal:icons/icon_cancel"},{"type":"single","resource":"battlepass:battlepass/locked"},{"type":"single","resource":"battlepass:battlepass/reward_locked_green"},{"type":"single","resource":"battlepass:battlepass/reward_locked_gray"},{"type":"single","resource":"_iainternal:icons/icon_back_orange"},{"type":"single","resource":"advancedpets:advancedpets/quit"},{"type":"single","resource":"_iainternal:icons/icon_arrow_chest"},{"type":"single","resource":"advancedpets:advancedpets/pet_skin"},{"type":"single","resource":"battlepass:battlepass/reward_unclaimed"},{"type":"single","resource":"advancedpets:advancedpets/red_ball"},{"type":"single","resource":"battlepass:battlepass/air"},{"type":"single","resource":"battlepass:battlepass/questbook_gray"},{"type":"single","resource":"advancedpets:advancedpets/air"},{"type":"single","resource":"_iainternal:icons/icon_search"},{"type":"single","resource":"_iainternal:icons/icon_next_orange"},{"type":"single","resource":"_iainternal:icons/icon_right_blue"},{"type":"single","resource":"advancedpets:advancedpets/left"},{"type":"single","resource":"battlepass:battlepass/reward_claimed"},{"type":"single","resource":"advancedpets:advancedpets/green_ball"},{"type":"single","resource":"advancedpets:advancedpets/right"},{"type":"single","resource":"advancedpets:advancedpets/info"},{"type":"directory","source":"entity","prefix":"entity/"}]}