{"sources":[{"type":"directory","source":"entity","prefix":"entity/"},{"type":"directory","source":"items","prefix":"items/"},{"type":"directory","source":"blocks","prefix":"blocks/"},{"type":"directory","source":"primis_map","prefix":"primis_map/"},{"source":"ui","prefix":"ui/","type":"directory"},{"source":"gui","prefix":"gui/","type":"directory"},{"type":"single","resource":"_iainternal:icons/icon_left_blue"},{"type":"single","resource":"_iainternal:icons/icon_cancel"},{"type":"single","resource":"_iainternal:icons/icon_search"},{"type":"single","resource":"_iainternal:icons/icon_next_orange"},{"type":"single","resource":"_iainternal:icons/icon_right_blue"},{"type":"single","resource":"_iainternal:icons/icon_back_orange"},{"type":"single","resource":"_iainternal:icons/icon_arrow_chest"},{"type":"directory","source":"entity","prefix":"entity/"}]}